﻿{
  "configurations": [
    {
      "name": "WINDOWS_64",
      "generator": "Ninja",
      "configurationType": "RelWithDebInfo",
      "buildRoot": "${projectDir}\\out\\build\\${name}",
      "installRoot": "${projectDir}\\out\\install\\${name}",
      "cmakeCommandArgs": "",
      "buildCommandArgs": "",
      "ctestCommandArgs": "",
      "inheritEnvironments": [ "msvc_x64_x64" ]
    },
    {
      "name": "WINDOWS_32",
      "generator": "Ninja",
      "configurationType": "RelWithDebInfo",
      "buildRoot": "${projectDir}\\out\\build\\${name}",
      "installRoot": "${projectDir}\\out\\install\\${name}",
      "cmakeCommandArgs": "",
      "buildCommandArgs": "",
      "ctestCommandArgs": "",
      "inheritEnvironments": [ "msvc_x86" ]
    },
    {
      "name": "LINUX_64",
      "generator": "Ninja",
      "configurationType": "Release",
      "cmakeExecutable": "cmake",
      "remoteCopySourcesExclusionList": [ ".vs", ".git", "out" ],
      "cmakeCommandArgs": "",
      "buildCommandArgs": "",
      "ctestCommandArgs": "",
      "inheritEnvironments": [ "linux_x64" ],
      "remoteMachineName": "-1945219140;192.168.129.129 (username=kali, port=22, authentication=Password)",
      "remoteCMakeListsRoot": "$HOME/.vs/${projectDirName}/${workspaceHash}/src",
      "remoteBuildRoot": "$HOME/.vs/${projectDirName}/${workspaceHash}/out/build/${name}",
      "remoteInstallRoot": "$HOME/.vs/${projectDirName}/${workspaceHash}/out/install/${name}",
      "remoteCopySources": true,
      "rsyncCommandArgs": "-t --delete --delete-excluded",
      "remoteCopyBuildOutput": true,
      "remoteCopySourcesMethod": "rsync"
    },
    {
      "name": "LINUX_32",
      "generator": "Ninja",
      "configurationType": "Release",
      "cmakeExecutable": "cmake",
      "remoteCopySourcesExclusionList": [ ".vs", ".git", "out" ],
      "cmakeCommandArgs": "-DFORCE_32:INTEGER=1",
      "buildCommandArgs": "",
      "ctestCommandArgs": "",
      "inheritEnvironments": [ "linux_x86" ],
      "remoteMachineName": "2117424674;172.105.41.83 (username=root, port=22, authentication=Password)",
      "remoteCMakeListsRoot": "$HOME/.vs/${projectDirName}/${workspaceHash}/src",
      "remoteBuildRoot": "$HOME/.vs/${projectDirName}/${workspaceHash}/out/build/${name}",
      "remoteInstallRoot": "$HOME/.vs/${projectDirName}/${workspaceHash}/out/install/${name}",
      "remoteCopySources": true,
      "rsyncCommandArgs": "-t --delete --delete-excluded",
      "remoteCopyBuildOutput": true,
      "remoteCopySourcesMethod": "rsync"
    },
    {
      "name": "wsl_64",
      "generator": "Unix Makefiles",
      "configurationType": "Release",
      "buildRoot": "${projectDir}\\out\\build\\${name}",
      "installRoot": "${projectDir}\\out\\install\\${name}",
      "cmakeExecutable": "cmake",
      "cmakeCommandArgs": "",
      "buildCommandArgs": "",
      "ctestCommandArgs": "",
      "inheritEnvironments": [ "linux_x64" ],
      "wslPath": "${defaultWSLPath}",
      "variables": [
        {
          "name": "CMAKE_C_COMPILER",
          "value": "/usr/bin/cc",
          "type": "FILEPATH"
        },
        {
          "name": "CMAKE_CXX_COMPILER",
          "value": "/usr/bin/c++",
          "type": "FILEPATH"
        },
        {
          "name": "CMAKE_MAKE_PROGRAM",
          "value": "/usr/bin/make",
          "type": "FILEPATH"
        }
      ]
    },
    {
      "name": "wsl_32",
      "generator": "Unix Makefiles",
      "configurationType": "Release",
      "buildRoot": "${projectDir}\\out\\build\\${name}",
      "installRoot": "${projectDir}\\out\\install\\${name}",
      "cmakeExecutable": "cmake",
      "cmakeCommandArgs": "-DFORCE_32:INTEGER=1",
      "buildCommandArgs": "",
      "ctestCommandArgs": "",
      "inheritEnvironments": [ "linux_x64" ],
      "wslPath": "${defaultWSLPath}"
    },
    {
      "name": "WINDOWS_REL004",
      "generator": "Ninja",
      "configurationType": "RelWithDebInfo",
      "buildRoot": "${projectDir}\\out\\build\\${name}",
      "installRoot": "${projectDir}\\out\\install\\${name}",
      "cmakeCommandArgs": "-DREL004:INTEGER=1",
      "buildCommandArgs": "",
      "ctestCommandArgs": "",
      "inheritEnvironments": [ "msvc_x86" ]
    },
    {
      "name": "wsl_64-rel004",
      "generator": "Unix Makefiles",
      "configurationType": "Release",
      "buildRoot": "${projectDir}\\out\\build\\${name}",
      "installRoot": "${projectDir}\\out\\install\\${name}",
      "cmakeExecutable": "cmake",
      "cmakeCommandArgs": "-DREL004:INTEGER=1",
      "buildCommandArgs": "",
      "ctestCommandArgs": "",
      "inheritEnvironments": [ "linux_x64" ],
      "wslPath": "${defaultWSLPath}"
    },
    {
      "name": "wsl_32-rel004",
      "generator": "Unix Makefiles",
      "configurationType": "Release",
      "buildRoot": "${projectDir}\\out\\build\\${name}",
      "installRoot": "${projectDir}\\out\\install\\${name}",
      "cmakeExecutable": "cmake",
      "cmakeCommandArgs": "-DFORCE_32:INTEGER=1 -DREL004:INTEGER=1",
      "buildCommandArgs": "",
      "ctestCommandArgs": "",
      "inheritEnvironments": [ "linux_x64" ],
      "wslPath": "${defaultWSLPath}"
    },
    {
      "name": "WINDOWS_REL0470",
      "generator": "Ninja",
      "configurationType": "Release",
      "buildRoot": "${projectDir}\\out\\build\\${name}",
      "installRoot": "${projectDir}\\out\\install\\${name}",
      "cmakeCommandArgs": "-DREL0470:INTEGER=1 -DSLIKENET:INTEGER=1 -DREL047:INTEGER=1",
      "buildCommandArgs": "",
      "ctestCommandArgs": "",
      "inheritEnvironments": [ "msvc_x86" ]
    },
    {
      "name": "WINDOWS_REL0471",
      "generator": "Ninja",
      "configurationType": "Release",
      "buildRoot": "${projectDir}\\out\\build\\${name}",
      "installRoot": "${projectDir}\\out\\install\\${name}",
      "cmakeCommandArgs": "-DREL0471:INTEGER=1 -DSLIKENET:INTEGER=1 -DREL047:INTEGER=1",
      "buildCommandArgs": "",
      "ctestCommandArgs": "",
      "inheritEnvironments": [ "msvc_x86" ]
    },
    {
      "name": "wsl_64-REL0471",
      "generator": "Unix Makefiles",
      "configurationType": "Release",
      "buildRoot": "${projectDir}\\out\\build\\${name}",
      "installRoot": "${projectDir}\\out\\install\\${name}",
      "cmakeExecutable": "cmake",
      "cmakeCommandArgs": "-DREL0471:INTEGER=1 -DSLIKENET:INTEGER=1 -DREL047:INTEGER=1",
      "buildCommandArgs": "",
      "ctestCommandArgs": "",
      "inheritEnvironments": [ "linux_x64" ],
      "variables": [
        {
          "name": "CMAKE_C_COMPILER",
          "value": "/usr/bin/cc",
          "type": "FILEPATH"
        },
        {
          "name": "CMAKE_CXX_COMPILER",
          "value": "/usr/bin/c++",
          "type": "FILEPATH"
        },
        {
          "name": "CMAKE_MAKE_PROGRAM",
          "value": "/usr/bin/make",
          "type": "FILEPATH"
        }
      ],
      "wslPath": "${defaultWSLPath}"
    }
  ]
}